{"stats":{"minecraft:mined":{"minecraft:white_bed":6,"thermal:cinnabar_ore":6,"alexscaves:azure_neodymium_pillar":2,"thermal:tin_ore":2,"minecraft:granite":10,"minecraft:deepslate_tile_wall":192,"minecraft:light_gray_bed":30,"minecraft:oak_wall_sign":2,"minecraft:nether_wart":29,"minecraft:spawner":1,"minecraft:magma_block":2,"minecraft:fire":55,"minecraft:barrel":13,"minecraft:cobbled_deepslate":428,"minecraft:fletching_table":10,"minecraft:granite_slab":18,"minecraft:deepslate_lapis_ore":7,"minecraft:nether_brick_stairs":1,"vinery:taiga_grape_bush_white":1,"minecraft:spruce_pressure_plate":26,"create:mechanical_press":3,"minecraft:tripwire":36,"create:cogwheel":17,"minecraft:smoker":4,"minecraft:crimson_nylium":10,"minecraft:deepslate_tile_slab":10,"minecraft:torch":13,"minecraft:note_block":2,"bakery:iron_table":1,"minecraft:white_stained_glass_pane":13,"alexscaves:energized_galena_scarlet":63,"minecraft:spruce_wall_sign":10,"thermal:deepslate_lead_ore":8,"minecraft:bricks":85,"minecraft:birch_sapling":25,"create:basin":5,"minecraft:white_terracotta":9,"minecraft:chain":11,"minecraft:repeater":4,"minecraft:mud":2,"minecraft:magenta_bed":1,"minecraft:grass":138,"minecraft:dark_oak_sapling":66,"minecraft:smooth_basalt":1,"create:linear_chassis":6,"minecraft:deepslate":2311,"minecraft:suspicious_gravel":3,"create:zinc_ore":29,"minecraft:deepslate_tiles":29,"minecraft:mossy_cobblestone":45,"minecraft:cherry_sapling":7,"minecraft:dark_oak_log":56,"minecraft:dark_oak_fence":34,"vinery:stackable_log":4,"minecraft:spruce_fence":236,"thermal:deepslate_nickel_ore":5,"minecraft:redstone_wire":46,"alexscaves:galena":177,"herbalbrews:cauldron":1,"farmersdelight:wild_onions":2,"minecraft:redstone_ore":8,"create:shaft":28,"minecraft:green_terracotta":16,"minecraft:andesite":860,"minecraft:cobblestone_slab":1122,"minecraft:vine":5,"minecraft:rail":69,"vinery:grapevine_stem":2,"minecraft:bone_block":42,"minecraft:oak_slab":1,"minecraft:redstone_block":3,"minecraft:soul_sand":82,"minecraft:dandelion":16,"minecraft:campfire":3,"minecraft:tall_grass":112,"minecraft:copper_ore":10,"minecraft:deepslate_gold_ore":54,"minecraft:green_stained_glass_pane":45,"minecraft:diorite":6,"minecraft:coarse_dirt":78,"minecraft:cobblestone_wall":9,"thermal:silver_ore":6,"minecraft:dark_oak_button":1,"minecraft:gravel":2665,"minecraft:cobweb":10,"minecraft:stone_bricks":233,"minecraft:gold_ore":5,"minecraft:iron_trapdoor":3,"minecraft:fern":39,"thermal:deepslate_tin_ore":13,"minecraft:oak_sapling":32,"minecraft:farmland":19,"minecraft:andesite_stairs":30,"herbalbrews:yerba_mate_plant":11,"minecraft:brewing_stand":4,"minecraft:spruce_trapdoor":160,"sophisticatedbackpacks:iron_backpack":2,"alexscaves:sulfur":1,"minecraft:composter":9,"minecraft:mossy_cobblestone_slab":4,"minecraft:brown_bed":5,"create:asurine":1,"minecraft:red_tulip":39,"minecraft:pointed_dripstone":7,"minecraft:flowering_azalea_leaves":2,"minecraft:iron_bars":6,"alexscaves:sulfur_bud_large":1,"minecraft:granite_stairs":21,"sophisticatedbackpacks:copper_backpack":2,"minecraft:spruce_slab":165,"candlelight:lettuce_crop":12,"minecraft:deepslate_redstone_ore":24,"create:brass_casing":2,"minecraft:nether_quartz_ore":12,"minecraft:oak_planks":31,"minecraft:wall_torch":21,"create:large_water_wheel":4,"minecraft:dark_oak_slab":339,"create:rope_pulley":2,"herbalbrews:tea_plant":12,"minecraft:smooth_stone_slab":3,"minecraft:oak_log":57,"minecraft:lime_terracotta":17,"minecraft:dirt":4427,"thermal:nickel_ore":8,"structure_gel:dynamic_spawner":5,"minecraft:dispenser":7,"minecraft:yellow_wall_banner":2,"minecraft:dark_oak_leaves":8,"minecraft:glow_lichen":4,"minecraft:lever":15,"minecraft:ladder":3,"minecraft:decorated_pot":3,"create:ochrum":3,"minecraft:birch_slab":1,"alexscaves:galena_spire":3,"minecraft:spruce_leaves":160,"candlelight:rose":11,"minecraft:heavy_weighted_pressure_plate":4,"bakery:strawberry_crop":22,"minecraft:gold_block":3,"minecraft:bookshelf":158,"minecraft:deepslate_iron_ore":74,"alexscaves:hologram_projector":2,"minecraft:stripped_oak_log":26,"create:analog_lever":1,"minecraft:scaffolding":93,"minecraft:stripped_dark_oak_log":3,"minecraft:basalt":254,"minecraft:oak_fence":25,"thermal:apatite_ore":6,"bakery:wild_strawberries":4,"minecraft:stone_slab":153,"minecraft:deepslate_coal_ore":12,"minecraft:birch_planks":3,"thermal:deepslate_silver_ore":4,"minecraft:black_wool":2,"minecraft:flower_pot":2,"minecraft:cracked_stone_bricks":2,"minecraft:mossy_stone_bricks":6,"alexscaves:scarlet_neodymium_pillar":16,"minecraft:dark_oak_planks":71,"create:andesite_casing":35,"minecraft:cherry_log":354,"minecraft:jungle_leaves":1,"minecraft:obsidian":34,"minecraft:stone_brick_wall":22,"minecraft:deepslate_bricks":1,"minecraft:deepslate_tile_stairs":12,"minecraft:hopper":12,"minecraft:oxeye_daisy":1,"minecraft:chiseled_stone_bricks":15,"minecraft:weeping_vines_plant":1,"minecraft:tall_seagrass":26,"minecraft:sticky_piston":6,"alexscaves:scarlet_neodymium_node":1,"minecraft:cave_vines":5,"minecraft:dirt_path":34,"minecraft:oak_stairs":16,"create:gearshift":3,"minecraft:brown_mushroom":3,"minecraft:red_bed":31,"minecraft:soul_fire":17,"minecraft:blast_furnace":7,"minecraft:polished_andesite_stairs":1,"minecraft:damaged_anvil":3,"minecraft:wheat":165,"create:mechanical_mixer":6,"minecraft:stone_brick_stairs":25,"minecraft:oak_fence_gate":4,"create:hand_crank":9,"minecraft:loom":2,"bakery:wall_cabinet":2,"minecraft:stonecutter":5,"create:millstone":3,"minecraft:stripped_birch_log":1,"minecraft:nether_bricks":15,"minecraft:cobbled_deepslate_slab":5,"minecraft:allium":3,"minecraft:crimson_roots":1,"farmersdelight:wild_cabbages":1,"minecraft:moss_block":1,"alexscaves:heart_of_iron":1,"minecraft:potatoes":83,"minecraft:bamboo_sapling":1,"minecraft:bamboo":20,"minecraft:white_wool":3,"minecraft:smithing_table":4,"minecraft:cherry_planks":199,"herbalbrews:wild_yerba_mate_plant":1,"minecraft:observer":4,"minecraft:emerald_ore":2,"candlelight:wild_tomatoes":1,"create:water_wheel":3,"create:redstone_link":17,"create:water_wheel_structure":5,"create:blaze_burner":3,"minecraft:purple_bed":14,"create:gearbox":22,"minecraft:white_carpet":6,"minecraft:spruce_log":145,"minecraft:birch_leaves":61,"create:mechanical_bearing":5,"minecraft:dripstone_block":1,"minecraft:spruce_fence_gate":33,"create:deepslate_zinc_ore":14,"minecraft:spruce_planks":310,"minecraft:cobbled_deepslate_stairs":19,"thermal:sulfur_ore":2,"croptopia:strawberry_crop":17,"minecraft:cobblestone_stairs":26,"sophisticatedbackpacks:gold_backpack":3,"minecraft:potted_blue_orchid":1,"minecraft:cherry_trapdoor":9,"minecraft:grass_block":7081,"minecraft:soul_soil":42,"minecraft:smooth_stone":2,"minecraft:iron_ore":136,"minecraft:target":4,"minecraft:azure_bluet":1,"minecraft:dark_oak_stairs":15,"minecraft:black_candle":5,"minecraft:cyan_terracotta":13,"minecraft:blackstone":10,"minecraft:polished_deepslate_stairs":1,"minecraft:clay":441,"minecraft:poppy":6,"minecraft:chest":20,"minecraft:cobblestone":856,"minecraft:grindstone":8,"minecraft:iron_door":1,"minecraft:pink_petals":30,"minecraft:seagrass":19,"minecraft:red_candle":2,"minecraft:dark_oak_door":4,"minecraft:nether_wart_block":4,"minecraft:birch_log":1,"minecraft:cherry_door":2,"minecraft:stripped_oak_wood":4,"create:sequenced_gearshift":15,"minecraft:sand":104,"create:encased_chain_drive":7,"minecraft:tripwire_hook":8,"minecraft:netherrack":2416,"create:crimsite":1,"minecraft:oak_leaves":180,"minecraft:nether_gold_ore":3,"alexscaves:spelunkery_table":2,"minecraft:red_carpet":35,"minecraft:tuff":133,"minecraft:deepslate_diamond_ore":11,"minecraft:candle":10,"minecraft:oak_door":7,"minecraft:stripped_cherry_log":1,"minecraft:dark_oak_pressure_plate":1,"create:large_cogwheel":13,"minecraft:brick_stairs":104,"alexscaves:magnetic_light":2,"minecraft:polished_andesite_slab":2,"minecraft:sandstone":1,"minecraft:rooted_dirt":11,"minecraft:large_fern":57,"alexscaves:radrock_uranium_ore":1,"minecraft:oak_trapdoor":70,"minecraft:spruce_sapling":312,"minecraft:furnace":9,"minecraft:carrots":18,"create:white_sail":51,"minecraft:stripped_spruce_log":132,"create:windmill_bearing":3,"minecraft:lantern":8,"minecraft:stone":5092,"minecraft:white_tulip":3,"minecraft:cherry_stairs":28,"minecraft:redstone_wall_torch":1,"minecraft:podzol":14,"minecraft:red_wool":6,"vinery:dark_cherry_log":1,"minecraft:spruce_door":4,"minecraft:crafting_table":26,"minecraft:rose_bush":5,"minecraft:andesite_slab":6,"minecraft:lectern":1079,"minecraft:andesite_wall":6,"minecraft:lapis_ore":3,"minecraft:blue_bed":10,"minecraft:spruce_stairs":132,"minecraft:gray_wool":17,"minecraft:brick_slab":65,"alexscaves:galena_iron_ore":24,"minecraft:redstone_torch":9,"minecraft:sweet_berry_bush":1,"minecraft:yellow_bed":6,"croptopia:tomato_crop":16,"minecraft:coal_ore":121,"minecraft:polished_andesite":48},"minecraft:crafted":{"minecraft:yellow_wool":6,"minecraft:blaze_powder":12,"minecraft:chain":2,"minecraft:diamond_shovel":5,"minecraft:diamond_helmet":5,"minecraft:iron_door":3,"create:cogwheel":45,"create:rose_quartz":4,"minecraft:smithing_table":1,"minecraft:sticky_piston":2,"minecraft:fletching_table":2,"create:encased_chain_drive":7,"create:mechanical_mixer":1,"create:clutch":1,"alexscaves:tesla_bulb":1,"minecraft:lectern":1,"minecraft:wooden_hoe":2,"minecraft:iron_pickaxe":3,"create:large_cogwheel":7,"alexscaves:galena_gauntlet":2,"create:wrench":1,"minecraft:iron_nugget":225,"minecraft:diamond_hoe":5,"alexscaves:energized_galena_scarlet":8,"minecraft:spruce_fence":51,"minecraft:lantern":101,"minecraft:spruce_stairs":72,"minecraft:cherry_stairs":44,"minecraft:stone_pickaxe":3,"minecraft:jungle_sapling":1,"create:windmill_bearing":1,"minecraft:enchanting_table":1,"minecraft:dark_oak_button":2,"minecraft:enchanted_book":67,"bakery:iron_table":1,"minecraft:chainmail_boots":12,"minecraft:fermented_spider_eye":2,"minecraft:iron_shovel":1,"minecraft:note_block":1,"create:shaft":72,"minecraft:barrel":6,"minecraft:stone":121,"create:mechanical_bearing":1,"minecraft:heavy_weighted_pressure_plate":1,"alexscaves:energized_galena_azure":8,"create:rope_pulley":1,"minecraft:bow":9,"vinery:stackable_log":2,"minecraft:chest":14,"minecraft:oak_button":1,"minecraft:rail":16,"minecraft:stone_bricks":72,"minecraft:arrow":32,"vinery:grapevine_stem":12,"minecraft:iron_helmet":1,"minecraft:red_wool":4,"create:gearshift":1,"sophisticatedbackpacks:upgrade_base":2,"minecraft:spruce_trapdoor":6,"create:sequenced_gearshift":1,"aquamirae:remnants_saber":1,"create:water_wheel":2,"minecraft:yellow_dye":10,"sophisticatedbackpacks:diamond_backpack":1,"minecraft:stick":49768,"minecraft:iron_ingot":361,"alexscaves:resistor_shield":1,"aquaculture:gold_hook":1,"alexscaves:packed_galena":13,"minecraft:stone_brick_wall":30,"minecraft:furnace":2,"minecraft:blast_furnace":1,"minecraft:piston":2,"minecraft:polished_andesite_slab":36,"minecraft:flint_and_steel":2,"minecraft:scaffolding":12,"alexscaves:azure_neodymium_ingot":4,"create:basin":1,"create:analog_lever":1,"minecraft:glistering_melon_slice":1,"create:andesite_alloy":94,"minecraft:iron_sword":5,"create:large_water_wheel":1,"create:whisk":1,"minecraft:white_dye":6,"create:linear_chassis":6,"minecraft:black_carpet":3,"minecraft:anvil":2,"minecraft:torch":216,"minecraft:diamond_chestplate":4,"minecraft:smooth_stone":3,"minecraft:lever":3,"sophisticatedbackpacks:crafting_upgrade":1,"minecraft:bookshelf":171,"minecraft:cooked_mutton":5,"create:vertical_gearbox":10,"minecraft:glass":227,"minecraft:diamond_leggings":4,"create:mechanical_press":1,"minecraft:magenta_dye":1,"vinery:wine_bottle":8,"minecraft:furnace_minecart":1,"minecraft:emerald":2135,"minecraft:cooked_porkchop":4,"minecraft:diamond_axe":9,"vinery:dark_cherry_planks":20,"minecraft:clock":6,"minecraft:copper_ingot":139,"create:redstone_link":2,"create:gearbox":6,"minecraft:compass":13,"minecraft:iron_block":21,"minecraft:gold_ingot":91,"minecraft:spruce_fence_gate":13,"create:white_sail":12,"candlelight:rose":6,"alexscaves:holocoder":1,"minecraft:bone_meal":390,"alexscaves:energized_galena_neutral":8,"minecraft:white_carpet":6,"minecraft:cherry_trapdoor":6,"minecraft:dark_oak_fence":48,"minecraft:ladder":3,"minecraft:spruce_slab":30,"minecraft:diamond_boots":4,"minecraft:cobbled_deepslate_stairs":64,"minecraft:deepslate_tile_wall":89,"alexscaves:scarlet_neodymium_ingot":5,"minecraft:redstone_block":1,"create:electron_tube":1,"minecraft:dark_oak_planks":4136,"minecraft:crossbow":2,"farmersdelight:cooked_mutton_chops":2,"aquaculture:fishing_line":1,"create:dough":21,"minecraft:blue_bed":2,"aquaculture:diamond_fishing_rod":1,"sophisticatedbackpacks:stonecutter_upgrade":1,"minecraft:wooden_axe":2,"minecraft:iron_leggings":3,"alexscaves:hologram_projector":1,"minecraft:white_bed":4,"vinery:red_grapejuice":1,"minecraft:oak_planks":444,"minecraft:dark_oak_boat":1,"alexsmobs:sombrero":1,"minecraft:cobblestone_stairs":4,"bakery:wall_cabinet":1,"minecraft:spruce_pressure_plate":41,"minecraft:green_dye":66,"minecraft:hopper":2,"herbalbrews:cauldron":1,"vinery:dark_cherry_sapling":1,"minecraft:iron_boots":11,"minecraft:raw_copper":27,"tombstone:grave_key":1,"minecraft:yellow_banner":2,"minecraft:smoker":1,"minecraft:crafting_table":6,"minecraft:spruce_planks":20916,"minecraft:wooden_pickaxe":1,"minecraft:baked_potato":382,"create:sand_paper":1,"minecraft:gold_block":11,"minecraft:birch_planks":772,"vinery:red_grape":1,"minecraft:dark_oak_slab":120,"minecraft:iron_chestplate":1,"minecraft:diamond_pickaxe":3,"minecraft:shield":17,"create:super_glue":1,"minecraft:redstone_torch":8,"minecraft:shears":2,"minecraft:polished_andesite":64,"minecraft:cherry_planks":804,"croptopia:apple_sapling":2,"alexscaves:cave_map":3,"minecraft:iron_axe":6,"minecraft:slime_ball":8,"create:millstone":1,"minecraft:lime_dye":8,"minecraft:minecart":2,"minecraft:observer":11,"minecraft:cooked_beef":25,"minecraft:sugar":2,"minecraft:red_dye":46,"vinery:dark_cherry_slab":12,"minecraft:crimson_planks":28,"minecraft:magenta_bed":1,"create:hand_crank":1,"minecraft:dark_oak_stairs":224,"minecraft:spruce_sign":3,"minecraft:bucket":3,"croptopia:mortar_and_pestle":1,"minecraft:stone_axe":27,"minecraft:air":0,"minecraft:bread":77,"minecraft:blue_dye":2,"minecraft:oak_boat":1,"minecraft:white_wool":13,"minecraft:raw_gold":90,"alexscaves:magnetic_light":4,"minecraft:cherry_door":3,"minecraft:pumpkin_pie":48,"create:zinc_ingot":31,"minecraft:lapis_lazuli":108,"minecraft:clay":285,"minecraft:lapis_block":11},"minecraft:broken":{"minecraft:diamond_helmet":2,"minecraft:iron_leggings":2,"minecraft:diamond_shovel":1,"minecraft:diamond_pickaxe":1,"minecraft:leather_helmet":1,"minecraft:diamond_leggings":1,"minecraft:wooden_pickaxe":1,"minecraft:shield":5,"minecraft:iron_pickaxe":4,"minecraft:leather_leggings":1,"minecraft:diamond_boots":2,"minecraft:stone_axe":6,"minecraft:diamond_chestplate":2,"minecraft:diamond_axe":5,"minecraft:golden_boots":2,"minecraft:iron_boots":2,"minecraft:iron_chestplate":2,"minecraft:golden_sword":1,"minecraft:iron_sword":1,"minecraft:bow":2,"minecraft:iron_axe":4,"minecraft:iron_helmet":2,"minecraft:wooden_axe":1},"minecraft:picked_up":{"minecraft:lead":1,"minecraft:smithing_table":6,"minecraft:stone_slab":162,"minecraft:enchanted_book":2,"minecraft:string":177,"minecraft:dark_oak_pressure_plate":1,"minecraft:pufferfish":7,"minecraft:diamond_leggings":3,"minecraft:spruce_pressure_plate":45,"create:andesite_casing":35,"minecraft:green_terracotta":20,"minecraft:golden_chestplate":3,"thermal:apatite":39,"minecraft:yellow_banner":4,"minecraft:stone_sword":3,"farmersdelight:onion":2,"create:ochrum":3,"minecraft:red_tulip":76,"minecraft:white_terracotta":9,"minecraft:blaze_rod":6,"minecraft:iron_bars":6,"minecraft:furnace_minecart":2,"minecraft:feather":1,"minecraft:water_bucket":5,"create:rope_pulley":2,"minecraft:dark_oak_boat":9,"minecraft:flint":276,"minecraft:lantern":17,"alexscaves:galena":299,"minecraft:hanging_roots":29,"minecraft:stonecutter":6,"minecraft:diamond_helmet":2,"create:gearshift":3,"aquaculture:gar":1,"croptopia:tuna":7,"minecraft:lime_terracotta":16,"minecraft:stripped_spruce_log":129,"sophisticatedbackpacks:iron_backpack":5,"minecraft:polished_andesite":48,"create:crimsite":1,"minecraft:lever":17,"minecraft:granite":1,"alexscaves:heart_of_iron":1,"minecraft:rooted_dirt":11,"minecraft:shelter_pottery_sherd":1,"minecraft:diamond_pickaxe":4,"minecraft:crimson_roots":7,"minecraft:mud":2,"alexscaves:raw_scarlet_neodymium":34,"sophisticatedbackpacks:gold_backpack":7,"minecraft:clay_ball":1736,"vinery:taiga_grapes_white":1,"minecraft:leather_leggings":2,"minecraft:stripped_cherry_log":1,"minecraft:heavy_weighted_pressure_plate":4,"minecraft:white_carpet":4,"thermal:raw_nickel":16,"minecraft:iron_shovel":3,"bakery:iron_table":1,"minecraft:poppy":23,"minecraft:spruce_slab":174,"minecraft:minecart":3,"aquaculture:neptunium_chestplate":1,"minecraft:birch_sapling":94,"minecraft:diamond_hoe":2,"minecraft:stone":25,"herbalbrews:tea_kettle":1,"farmersdelight:tomato_seeds":4,"minecraft:diamond_chestplate":3,"minecraft:decorated_pot":1,"aquaculture:brown_trout":7,"aquaculture:carp":5,"sophisticatedbackpacks:copper_backpack":7,"minecraft:totem_of_undying":3,"minecraft:mutton":2,"minecraft:rail":95,"minecraft:bone_block":47,"minecraft:oxeye_daisy":12,"vinery:stackable_log":4,"minecraft:tripwire_hook":13,"alexscaves:sulfur_dust":5,"croptopia:crab":5,"croptopia:glowing_calamari":9,"minecraft:lily_pad":1,"alexscaves:charred_remnant":1,"farmersdelight:skillet":2,"alexsmobs:mosquito_proboscis":2,"minecraft:paper":18,"minecraft:apple":193,"minecraft:oak_fence_gate":5,"croptopia:tomato":16,"herbalbrews:green_tea_leaf":78,"tombstone:bag_of_seeds":2,"herbalbrews:cauldron":1,"minecraft:dark_oak_stairs":15,"minecraft:polished_andesite_stairs":1,"aquaculture:smallmouth_bass":1,"minecraft:milk_bucket":1,"minecraft:sweet_berries":9,"minecraft:red_wool":6,"croptopia:oyster":5,"aquaculture:message_in_a_bottle":2,"minecraft:leather_helmet":1,"minecraft:diamond_shovel":3,"create:millstone":3,"minecraft:slime_ball":7,"minecraft:rib_armor_trim_smithing_template":1,"minecraft:painting":15,"alexscaves:scarlet_neodymium_pillar":14,"minecraft:baked_potato":256,"minecraft:hopper":12,"minecraft:black_carpet":2,"bakery:strawberry_seeds":72,"minecraft:stone_brick_stairs":27,"minecraft:red_candle":7,"thermal:sulfur":8,"alexsmobs:blood_sac":17,"minecraft:smooth_stone":32,"minecraft:bucket":1,"alexscaves:magnetic_light":2,"minecraft:white_tulip":5,"minecraft:rose_bush":12,"minecraft:cobblestone_slab":1467,"minecraft:iron_pickaxe":4,"minecraft:polished_deepslate_stairs":1,"alexscaves:raw_azure_neodymium":17,"minecraft:spruce_stairs":131,"alexscaves:resistor_shield":1,"minecraft:diorite":6,"minecraft:vine":4,"create:large_cogwheel":12,"minecraft:andesite_wall":9,"minecraft:rotten_flesh":306,"alexscaves:galena_iron_ore":2,"create:asurine":1,"alexsmobs:lost_tentacle":1,"minecraft:obsidian":34,"minecraft:blaze_powder":11,"minecraft:cobblestone":6074,"candlelight:lettuce":15,"minecraft:pink_petals":144,"alexscaves:holocoder":2,"minecraft:repeater":8,"minecraft:cherry_planks":196,"minecraft:andesite":842,"minecraft:golden_leggings":4,"minecraft:potato":316,"herbalbrews:tea_blossom":22,"create:raw_zinc":85,"minecraft:dirt":11914,"minecraft:stripped_birch_log":1,"minecraft:bone":208,"minecraft:bow":13,"minecraft:wheat_seeds":836,"minecraft:grindstone":10,"minecraft:mossy_stone_bricks":6,"minecraft:fletching_table":10,"minecraft:bamboo":248,"thermal:raw_tin":29,"alexscaves:uranium":1,"minecraft:nether_brick_stairs":1,"minecraft:grass_block":3,"minecraft:mossy_cobblestone":44,"alexscaves:hologram_projector":2,"minecraft:sugar":2,"bakery:wall_cabinet":2,"minecraft:bone_meal":124,"minecraft:crossbow":5,"minecraft:golden_apple":10,"minecraft:spruce_sign":19,"minecraft:emerald":36,"alexsmobs:banana_slug_slime":2,"minecraft:netherrack":2314,"croptopia:cashew":1,"minecraft:andesite_slab":3,"minecraft:azure_bluet":1,"thermal:raw_silver":23,"minecraft:splash_potion":1,"croptopia:peach":2,"minecraft:ladder":7,"minecraft:brown_mushroom":5,"minecraft:stone_brick_wall":18,"minecraft:chain":11,"minecraft:shield":1,"minecraft:brick":3,"alexscaves:metal_swarf":31,"minecraft:oak_trapdoor":60,"minecraft:blackstone":2,"minecraft:blue_orchid":1,"create:sequenced_gearshift":15,"minecraft:cherry_stairs":28,"aquaculture:perch":12,"minecraft:note_block":2,"create:windmill_bearing":3,"create:hand_crank":14,"create:zinc_ingot":11,"minecraft:nether_bricks":15,"croptopia:sea_lettuce":7,"minecraft:brick_stairs":88,"minecraft:dark_oak_button":1,"minecraft:basalt":170,"herbalbrews:yerba_mate_leaf":42,"minecraft:leather":4,"minecraft:granite_stairs":17,"minecraft:crimson_fungus":2,"minecraft:gunpowder":100,"minecraft:yellow_bed":5,"minecraft:cobbled_deepslate_stairs":19,"minecraft:cobblestone_wall":9,"alexscaves:ferrouslime_ball":5,"minecraft:red_carpet":35,"candlelight:rose":11,"minecraft:rabbit_hide":1,"minecraft:iron_ingot":113,"aquaculture:pollock":1,"minecraft:polished_andesite_slab":3,"bakery:strawberry":24,"minecraft:black_candle":12,"create:large_water_wheel":11,"croptopia:apricot":5,"minecraft:quartz":12,"minecraft:dandelion":18,"minecraft:red_banner":1,"minecraft:spruce_door":5,"create:wheat_flour":48,"minecraft:brick_slab":79,"minecraft:cherry_sapling":300,"alexscaves:azure_neodymium_pillar":3,"minecraft:damaged_anvil":3,"minecraft:seagrass":55,"minecraft:iron_chestplate":1,"minecraft:flower_pot":3,"minecraft:oak_stairs":12,"minecraft:brown_bed":5,"minecraft:brewing_stand":5,"minecraft:soul_soil":28,"minecraft:beetroot":2,"create:water_wheel":4,"minecraft:gold_nugget":10,"minecraft:cobbled_deepslate":2560,"minecraft:spruce_planks":315,"minecraft:dark_oak_door":4,"minecraft:composter":13,"aquaculture:gold_hook":1,"minecraft:cherry_log":852,"minecraft:deepslate_tile_stairs":12,"minecraft:rabbit_foot":1,"alexsmobs:centipede_leg":2,"minecraft:light_gray_bed":36,"minecraft:tropical_fish":2,"aquaculture:algae":1,"minecraft:iron_block":7,"minecraft:cyan_terracotta":14,"alexscaves:notor_gizmo":9,"minecraft:birch_log":192,"minecraft:magma_block":4,"minecraft:mossy_cobblestone_slab":4,"minecraft:iron_door":1,"minecraft:birch_slab":1,"minecraft:smoker":6,"minecraft:magenta_bed":1,"minecraft:cherry_door":2,"create:encased_chain_drive":7,"vinery:grapevine_stem":2,"create:shaft":28,"minecraft:glowstone_dust":1,"minecraft:moss_block":1,"minecraft:granite_slab":7,"minecraft:loom":4,"minecraft:dark_oak_log":1479,"minecraft:barrel":21,"minecraft:bundle":8,"minecraft:dispenser":7,"minecraft:bread":15,"alexsmobs:maggot":8,"minecraft:dark_oak_fence":34,"minecraft:bricks":71,"minecraft:coarse_dirt":78,"minecraft:crafting_table":24,"minecraft:nether_wart":42,"aquamirae:sharp_bones":11,"candlelight:lettuce_seeds":33,"minecraft:red_bed":34,"create:redstone_link":19,"minecraft:cracked_stone_bricks":2,"minecraft:beef":8,"aquaculture:diamond_fishing_rod":4,"minecraft:iron_nugget":16,"minecraft:chest":19,"minecraft:raw_copper_block":3,"minecraft:egg":11,"minecraft:oak_door":8,"minecraft:spruce_fence":235,"minecraft:carrot":144,"minecraft:redstone":255,"create:brass_casing":2,"minecraft:prismarine_crystals":22,"create:vertical_gearbox":15,"croptopia:strawberry_seed":23,"minecraft:peony":1,"minecraft:deepslate_bricks":1,"minecraft:diamond_boots":2,"minecraft:gold_ingot":13,"tombstone:essence_of_undeath":2,"minecraft:glow_berries":1,"minecraft:white_wool":56,"minecraft:stripped_oak_log":26,"create:iron_sheet":12,"minecraft:oak_log":142,"minecraft:golden_boots":3,"minecraft:blue_bed":10,"tombstone:gift":1,"minecraft:white_banner":9,"minecraft:stone_bricks":242,"create:analog_lever":1,"candlelight:tomato":1,"minecraft:glass_bottle":8,"minecraft:iron_sword":2,"minecraft:dark_oak_slab":344,"minecraft:gravel":2655,"minecraft:spruce_sapling":2202,"minecraft:spruce_log":7055,"alexscaves:telecore":7,"create:gearbox":7,"minecraft:purple_bed":13,"minecraft:stone_axe":5,"croptopia:orange":14,"minecraft:diamond_axe":2,"minecraft:gray_wool":17,"minecraft:oak_button":1,"alexscaves:cave_map":2,"minecraft:stripped_dark_oak_log":4,"minecraft:ender_pearl":9,"croptopia:shrimp":6,"minecraft:wheat":303,"croptopia:clam":3,"minecraft:redstone_block":3,"minecraft:iron_trapdoor":4,"minecraft:potion":2,"thermal:basalz_rod":1,"minecraft:raw_copper":47,"minecraft:smooth_stone_slab":3,"minecraft:armor_stand":4,"minecraft:sticky_piston":6,"minecraft:oak_sign":6,"minecraft:activator_rail":2,"minecraft:deepslate_tiles":29,"create:mechanical_press":3,"minecraft:redstone_torch":11,"minecraft:deepslate_tile_wall":185,"farmersdelight:cabbage_seeds":3,"minecraft:furnace":9,"minecraft:iron_boots":1,"minecraft:stick":2246,"create:mechanical_mixer":6,"minecraft:oak_fence":27,"thermal:raw_lead":16,"minecraft:torch":92,"minecraft:target":4,"tombstone:grave_dust":63,"minecraft:pointed_dripstone":24,"minecraft:cod":32,"minecraft:nautilus_shell":1,"alexsmobs:bear_fur":2,"minecraft:tuff":132,"aquamirae:abyssal_amethyst":2,"alexsmobs:rocky_shell":1,"minecraft:lapis_lazuli":58,"minecraft:leather_boots":1,"minecraft:raw_gold":76,"minecraft:cobbled_deepslate_slab":5,"minecraft:powered_rail":3,"minecraft:oak_planks":32,"vinery:taiga_grape_seeds_white":1,"create:cogwheel":16,"minecraft:poisonous_potato":2,"minecraft:sand":101,"minecraft:spruce_fence_gate":33,"minecraft:diamond":34,"minecraft:oak_sapling":75,"create:white_sail":51,"minecraft:charcoal":6,"minecraft:fishing_rod":1,"minecraft:allium":9,"minecraft:chest_minecart":3,"thermal:cinnabar":9,"alexscaves:galena_gauntlet":2,"minecraft:gold_block":3,"minecraft:iron_axe":3,"minecraft:item_frame":4,"aquaculture:bluegill":7,"minecraft:candle":30,"minecraft:detector_rail":2,"croptopia:tomato_seed":24,"minecraft:andesite_stairs":21,"minecraft:oak_boat":27,"create:basin":5,"minecraft:observer":4,"minecraft:lectern":1093,"create:linear_chassis":6,"minecraft:cherry_trapdoor":9,"minecraft:spruce_trapdoor":148,"minecraft:dark_oak_sapling":966,"minecraft:raw_iron":301,"minecraft:copper_ingot":10,"create:golden_sheet":3,"minecraft:bowl":4,"croptopia:strawberry":17,"minecraft:dark_oak_planks":71,"minecraft:arrow":195,"alexscaves:spelunkery_table":2,"minecraft:saddle":5,"minecraft:glow_ink_sac":9,"minecraft:crimson_stem":18,"minecraft:salmon":14,"minecraft:birch_planks":4,"minecraft:nether_wart_block":21,"create:blaze_burner":3,"minecraft:cobblestone_stairs":26,"minecraft:deepslate_tile_slab":10,"croptopia:anchovy":11,"minecraft:stripped_oak_wood":5,"aquaculture:minnow":12,"minecraft:soul_sand":49,"minecraft:book":478,"minecraft:oak_slab":1,"minecraft:scaffolding":210,"create:mechanical_bearing":5,"minecraft:chiseled_stone_bricks":16,"minecraft:dripstone_block":1,"minecraft:blast_furnace":8,"minecraft:white_bed":6,"minecraft:spider_eye":34,"minecraft:iron_helmet":2,"tombstone:magic_scroll":10,"minecraft:black_wool":14,"minecraft:coal":247},"minecraft:killed":{"alexsmobs:centipede_head":3,"minecraft:skeleton_horse":1,"alexscaves:teletor":11,"minecraft:iron_golem":3,"minecraft:pillager":27,"minecraft:zombie":285,"minecraft:evoker":2,"alexscaves:brainiac":1,"minecraft:vindicator":17,"minecraft:ravager":1,"minecraft:zombified_piglin":8,"minecraft:witch":11,"minecraft:spider":100,"minecraft:silverfish":5,"minecraft:piglin":2,"minecraft:zombie_villager":6,"alexsmobs:crimson_mosquito":23,"minecraft:vex":10,"minecraft:slime":12,"alexsmobs:blue_jay":1,"minecraft:drowned":6,"vinery:wandering_winemaker":1,"minecraft:wither_skeleton":29,"minecraft:villager":1,"minecraft:cave_spider":3,"alexscaves:boundroid":1,"minecraft:skeleton":149,"alexsmobs:skelewag":1,"minecraft:cat":3,"minecraft:magma_cube":13,"minecraft:cow":2,"thermal:basalz":1,"alexscaves:ferrouslime":14,"minecraft:horse":1,"alexsmobs:rocky_roller":1,"minecraft:enderman":14,"alexscaves:notor":9,"minecraft:creeper":92,"alexsmobs:fly":3,"minecraft:blaze":14,"aquamirae:maze_mother":1,"alexsmobs:bison":1},"minecraft:custom":{"minecraft:interact_with_crafting_table":193,"minecraft:damage_blocked_by_shield":18582,"minecraft:play_time":4169708,"minecraft:deaths":70,"minecraft:jump":54485,"tombstone:sneak_grave":2,"tombstone:undead_killed":486,"minecraft:interact_with_smoker":92,"minecraft:inspect_dispenser":6,"minecraft:horse_one_cm":440891,"minecraft:interact_with_anvil":49,"minecraft:inspect_hopper":13,"tombstone:raider_killed":62,"minecraft:tune_noteblock":435,"minecraft:time_since_rest":3300,"minecraft:swim_one_cm":999457,"minecraft:open_chest":2177,"minecraft:play_noteblock":3,"minecraft:talked_to_villager":2054,"minecraft:interact_with_brewingstand":35,"tombstone:villager_killed":2,"minecraft:damage_dealt_resisted":2384,"minecraft:raid_win":1,"minecraft:boat_one_cm":413297,"minecraft:damage_taken":47842,"minecraft:open_barrel":296,"minecraft:bell_ring":1,"minecraft:leave_game":44,"minecraft:time_since_death":1212347,"tombstone:tomb_raiding":3,"minecraft:interact_with_furnace":146,"minecraft:traded_with_villager":2677,"minecraft:sleep_in_bed":199,"minecraft:damage_dealt":132723,"minecraft:interact_with_smithing_table":1,"minecraft:damage_dealt_absorbed":926,"minecraft:sneak_time":420407,"minecraft:interact_with_blast_furnace":70,"minecraft:total_world_time":4186562,"tombstone:cast_on_ally":2,"minecraft:fly_one_cm":11696960,"minecraft:fish_caught":121,"minecraft:fall_one_cm":1023887,"minecraft:animals_bred":3,"minecraft:sprint_one_cm":9593410,"minecraft:drop":580,"minecraft:walk_on_water_one_cm":811738,"minecraft:interact_with_loom":19,"minecraft:player_kills":16,"minecraft:crouch_one_cm":1734790,"minecraft:mob_kills":913,"minecraft:climb_one_cm":204502,"minecraft:walk_one_cm":9316484,"minecraft:walk_under_water_one_cm":795879,"minecraft:raid_trigger":1,"minecraft:interact_with_grindstone":6,"minecraft:damage_absorbed":40},"minecraft:used":{"minecraft:moss_block":1,"minecraft:dispenser":7,"minecraft:poppy":6,"minecraft:black_carpet":2,"minecraft:stone":3,"croptopia:cashew":1,"create:white_sail":79,"minecraft:azure_bluet":1,"minecraft:lava_bucket":5,"minecraft:red_wool":18,"minecraft:dark_oak_slab":579,"create:rope_pulley":3,"croptopia:peach":2,"minecraft:bow":350,"create:shaft":41,"minecraft:oak_sapling":45,"create:sequenced_gearshift":15,"minecraft:mossy_stone_bricks":3,"minecraft:damaged_anvil":3,"minecraft:blackstone":2,"create:crimsite":1,"minecraft:wooden_pickaxe":60,"minecraft:composter":4,"minecraft:clay":237,"aquamirae:remnants_saber":21,"minecraft:golden_apple":1,"minecraft:glow_berries":36,"minecraft:blast_furnace":8,"croptopia:orange":1,"minecraft:birch_slab":1,"alexscaves:tesla_bulb":1,"minecraft:nether_wart_block":4,"create:basin":6,"minecraft:smithing_table":4,"minecraft:oak_boat":27,"minecraft:oak_trapdoor":13,"minecraft:enchanting_table":1,"minecraft:armor_stand":4,"minecraft:torch":75,"minecraft:brewing_stand":4,"vinery:taiga_grapes_white":1,"minecraft:oak_fence_gate":3,"alexscaves:resistor_shield":171,"minecraft:barrel":25,"minecraft:bamboo":5,"minecraft:basalt":164,"minecraft:cherry_log":595,"sophisticatedbackpacks:gold_backpack":3,"minecraft:wheat_seeds":75,"minecraft:cherry_planks":566,"minecraft:spruce_fence_gate":59,"create:blaze_burner":4,"minecraft:rail":84,"minecraft:red_bed":33,"croptopia:apple_sapling":2,"minecraft:white_bed":7,"minecraft:spruce_log":210,"minecraft:diamond_pickaxe":15140,"minecraft:diamond_shovel":14261,"minecraft:oak_button":1,"minecraft:suspicious_stew":1,"minecraft:spruce_pressure_plate":46,"tombstone:magic_scroll":18,"minecraft:leather_helmet":1,"minecraft:spruce_trapdoor":70,"minecraft:spruce_sapling":455,"minecraft:potion":11,"minecraft:purple_bed":13,"minecraft:cooked_porkchop":4,"create:redstone_link":21,"minecraft:cherry_sapling":25,"minecraft:decorated_pot":1,"minecraft:green_terracotta":3,"create:cogwheel":44,"minecraft:furnace_minecart":2,"minecraft:obsidian":30,"minecraft:bricks":1,"minecraft:lantern":15,"herbalbrews:cauldron":1,"minecraft:mossy_cobblestone_slab":4,"aquaculture:diamond_fishing_rod":369,"minecraft:golden_sword":25,"minecraft:dark_oak_sapling":197,"minecraft:diamond_boots":1,"minecraft:stone_pickaxe":118,"minecraft:oak_planks":12,"minecraft:diamond_axe":6149,"minecraft:white_wool":7,"minecraft:crossbow":385,"minecraft:sticky_piston":8,"minecraft:lever":19,"minecraft:dark_oak_log":80,"minecraft:bread":133,"tombstone:grave_key":22,"minecraft:iron_door":2,"create:andesite_casing":7,"create:asurine":1,"minecraft:chain":5,"create:vertical_gearbox":25,"minecraft:coarse_dirt":76,"minecraft:bone_meal":408,"create:large_cogwheel":27,"sophisticatedbackpacks:iron_backpack":4,"minecraft:flint_and_steel":51,"minecraft:white_tulip":1,"minecraft:redstone":66,"minecraft:dirt":7124,"create:mechanical_mixer":7,"minecraft:spruce_fence":252,"minecraft:wooden_axe":10,"minecraft:soul_soil":28,"minecraft:minecart":6,"farmersdelight:cooked_mutton_chops":2,"minecraft:cooked_beef":36,"minecraft:light_gray_bed":34,"minecraft:iron_leggings":2,"create:gearshift":4,"minecraft:cobblestone_stairs":1,"farmersdelight:skillet":5,"minecraft:baked_potato":531,"minecraft:spruce_sign":28,"minecraft:magenta_bed":2,"minecraft:wooden_hoe":50,"minecraft:black_wool":2,"create:mechanical_press":4,"minecraft:cherry_door":4,"minecraft:stone_slab":42,"create:large_water_wheel":12,"minecraft:stone_axe":420,"minecraft:pink_petals":8,"minecraft:pumpkin_pie":42,"alexsmobs:animal_dictionary":3,"minecraft:gray_wool":17,"vinery:taiga_grape_seeds_white":1,"minecraft:spruce_slab":98,"sophisticatedbackpacks:copper_backpack":3,"minecraft:ladder":5,"minecraft:chest":32,"minecraft:allium":8,"minecraft:stripped_spruce_log":67,"minecraft:grass_block":1,"minecraft:birch_sapling":29,"minecraft:dark_oak_button":3,"minecraft:stone_brick_stairs":14,"minecraft:dark_oak_boat":9,"minecraft:sweet_berries":9,"minecraft:furnace":8,"candlelight:tomato":8,"minecraft:egg":9,"minecraft:potato":87,"minecraft:seagrass":55,"minecraft:diorite":4,"minecraft:spruce_door":1,"minecraft:stripped_birch_log":1,"minecraft:powered_rail":2,"minecraft:sand":16,"bakery:wall_cabinet":3,"minecraft:lectern":1085,"minecraft:polished_andesite_slab":34,"minecraft:dark_oak_fence":80,"alexscaves:magnetic_light":6,"minecraft:netherrack":1149,"minecraft:anvil":2,"minecraft:wheat":2,"minecraft:nether_brick_stairs":1,"create:wrench":12,"create:gearbox":9,"minecraft:iron_axe":561,"minecraft:rooted_dirt":4,"minecraft:totem_of_undying":2,"create:encased_chain_drive":12,"minecraft:tripwire_hook":13,"minecraft:iron_trapdoor":1,"tombstone:gift":11,"minecraft:cobbled_deepslate":1720,"minecraft:observer":4,"minecraft:hanging_roots":29,"minecraft:yellow_banner":4,"minecraft:water_bucket":498,"candlelight:rose":1,"minecraft:fletching_table":12,"minecraft:cracked_stone_bricks":2,"minecraft:salmon":1,"minecraft:mossy_cobblestone":27,"minecraft:crafting_table":27,"minecraft:deepslate_tile_wall":188,"minecraft:oak_log":34,"bakery:iron_table":2,"minecraft:iron_pickaxe":936,"create:water_wheel":5,"minecraft:chiseled_stone_bricks":2,"minecraft:cobblestone":2565,"minecraft:black_candle":12,"minecraft:candle":30,"alexscaves:hologram_projector":2,"minecraft:iron_shovel":397,"minecraft:diamond_hoe":429,"minecraft:oak_sign":2,"minecraft:shield":219,"minecraft:iron_sword":166,"alexscaves:galena":163,"create:analog_lever":1,"minecraft:iron_chestplate":2,"create:mechanical_bearing":5,"minecraft:nether_bricks":6,"minecraft:carrot":48,"minecraft:tuff":9,"minecraft:milk_bucket":1,"alexscaves:azure_neodymium_pillar":1,"minecraft:cyan_terracotta":8,"minecraft:iron_helmet":4,"create:millstone":4,"vinery:stackable_log":4,"minecraft:stone_bricks":231,"minecraft:repeater":10,"minecraft:red_carpet":17,"minecraft:scaffolding":242,"minecraft:dark_oak_stairs":214,"minecraft:ender_pearl":3,"minecraft:redstone_block":4,"minecraft:blue_bed":12,"minecraft:loom":2,"minecraft:note_block":3,"minecraft:stone_brick_wall":32,"minecraft:cobbled_deepslate_stairs":64,"minecraft:shears":13,"minecraft:redstone_torch":11,"minecraft:heavy_weighted_pressure_plate":4,"minecraft:string":50,"minecraft:gravel":1814,"minecraft:golden_helmet":1,"minecraft:grindstone":7,"minecraft:stripped_oak_wood":2,"minecraft:andesite":139,"minecraft:chest_minecart":2,"minecraft:air":4,"minecraft:oak_fence":6,"minecraft:spruce_planks":436,"minecraft:oak_door":3,"minecraft:white_carpet":6,"minecraft:hopper":21,"minecraft:spruce_stairs":142,"minecraft:diamond_helmet":2,"minecraft:andesite_wall":2,"minecraft:stone_brick_slab":12,"minecraft:dark_oak_planks":194,"alexsmobs:maggot":1,"minecraft:red_tulip":4,"minecraft:bookshelf":170,"minecraft:cherry_trapdoor":15,"vinery:grapevine_stem":9,"minecraft:crimson_planks":24,"alexscaves:spelunkery_table":2,"minecraft:golden_carrot":11,"minecraft:brown_bed":5,"minecraft:cooked_mutton":5,"aquaculture:tackle_box":1,"minecraft:glass_bottle":20,"minecraft:polished_andesite":42,"croptopia:apricot":5,"minecraft:stonecutter":4,"minecraft:cobblestone_slab":1236,"farmersdelight:onion":2,"bakery:strawberry":1,"minecraft:painting":17,"minecraft:smoker":3,"tombstone:bag_of_seeds":1,"create:linear_chassis":6,"minecraft:apple":134,"create:windmill_bearing":4,"minecraft:cherry_stairs":68,"minecraft:white_banner":7,"minecraft:red_banner":1,"minecraft:bucket":523,"minecraft:yellow_bed":5,"create:hand_crank":14,"minecraft:splash_potion":5},"minecraft:killed_by":{"minecraft:zombie":5,"alexscaves:ferrouslime":6,"minecraft:drowned":2,"alexsmobs:soul_vulture":1,"thermal:basalz":1,"thermal:blitz":1,"alexscaves:magnetron":1,"minecraft:skeleton":3,"alexsmobs:crimson_mosquito":2,"alexscaves:teletor":15,"alexsmobs:grizzly_bear":2,"minecraft:vex":4,"minecraft:creeper":5,"minecraft:cave_spider":1,"minecraft:player":9,"minecraft:spider":2,"minecraft:enderman":1},"minecraft:dropped":{"minecraft:iron_sword":3,"minecraft:diamond":26,"minecraft:gold_block":20,"aquaculture:gold_hook":1,"minecraft:dark_oak_fence":2,"aquamirae:abyssal_amethyst":1,"minecraft:sand":1,"minecraft:dark_oak_planks":11,"croptopia:olive_seed":3,"minecraft:stone_axe":15,"minecraft:iron_nugget":8,"minecraft:cobbled_deepslate":993,"minecraft:black_carpet":1,"alexscaves:cave_tablet":1,"minecraft:wheat":269,"tombstone:gift":1,"minecraft:rotten_flesh":130,"alexsmobs:blood_sac":3,"minecraft:leather_boots":1,"thermal:basalz_rod":1,"minecraft:golden_boots":1,"minecraft:wheat_seeds":402,"minecraft:dripstone_block":24,"minecraft:book":1,"minecraft:wooden_axe":1,"vinery:red_grapejuice":1,"create:raw_zinc":34,"croptopia:sea_lettuce":1,"minecraft:green_terracotta":4,"minecraft:clay_ball":344,"minecraft:bundle":2,"minecraft:spruce_trapdoor":8,"minecraft:spruce_planks":6,"create:zinc_ingot":21,"minecraft:diamond_pickaxe":6,"aquaculture:neptunium_chestplate":1,"herbalbrews:tea_kettle":1,"minecraft:stone_bricks":1,"minecraft:bamboo":121,"minecraft:bow":8,"minecraft:magma_block":2,"minecraft:ender_pearl":1,"minecraft:dark_oak_sapling":32,"minecraft:cod":1,"minecraft:music_disc_13":1,"alexscaves:galena_gauntlet":3,"tombstone:bag_of_seeds":2,"minecraft:dark_oak_log":4,"alexscaves:cave_map":3,"minecraft:gold_ingot":12,"minecraft:beetroot_seeds":4,"create:wheat_flour":48,"minecraft:scaffolding":4,"create:andesite_alloy":6,"minecraft:cherry_log":7,"minecraft:andesite_wall":3,"minecraft:iron_block":15,"bakery:strawberry_seeds":5,"thermal:sulfur":1,"minecraft:oak_trapdoor":1,"farmersdelight:cabbage_seeds":1,"minecraft:andesite":128,"alexscaves:resistor_shield":1,"minecraft:golden_leggings":1,"minecraft:oak_sapling":6,"minecraft:spruce_log":624,"croptopia:mortar_and_pestle":1,"minecraft:brick":3,"minecraft:crossbow":1,"minecraft:saddle":1,"minecraft:red_carpet":13,"sophisticatedbackpacks:gold_backpack":2,"minecraft:dirt":3306,"minecraft:bone_meal":68,"minecraft:sugar":1,"minecraft:iron_pickaxe":2,"vinery:taiga_grape_seeds_white":1,"minecraft:bone":22,"minecraft:oak_door":1,"minecraft:golden_chestplate":1,"minecraft:birch_sapling":3,"vinery:wine_bottle":1,"minecraft:salmon":29,"minecraft:charcoal":2,"minecraft:spruce_slab":12,"minecraft:lectern":14,"alexsmobs:mosquito_proboscis":1,"minecraft:enchanted_book":2,"minecraft:iron_ingot":21,"minecraft:shelter_pottery_sherd":1,"farmersdelight:skillet":2,"minecraft:golden_horse_armor":1,"minecraft:oak_fence":2,"minecraft:cobblestone":1027,"minecraft:apple":20,"minecraft:coal":146,"croptopia:ginger_seed":2,"minecraft:oxeye_daisy":3,"minecraft:iron_trapdoor":1,"minecraft:wooden_hoe":1,"minecraft:rose_bush":7,"minecraft:diamond_helmet":4,"minecraft:rib_armor_trim_smithing_template":1,"minecraft:string":15,"minecraft:paper":27,"minecraft:spruce_sapling":11,"minecraft:stone_sword":3,"minecraft:bowl":1,"minecraft:diamond_hoe":3,"croptopia:blackberry_seed":1,"minecraft:stone_slab":1,"minecraft:nether_bricks":9,"minecraft:spruce_fence":1,"minecraft:potato":75,"minecraft:spider_eye":5,"thermal:raw_nickel":9,"minecraft:blue_orchid":1,"minecraft:red_tulip":32,"minecraft:brown_mushroom":1,"minecraft:birch_planks":1,"minecraft:diamond_axe":6,"alexsmobs:banana_slug_slime":1,"alexscaves:notor_gizmo":2,"minecraft:baked_potato":54,"minecraft:lantern":1,"minecraft:flint":7,"minecraft:crimson_roots":7,"minecraft:pumpkin_pie":1,"tombstone:scroll_of_frost_resistance":1,"minecraft:gravel":112,"minecraft:cherry_sapling":43,"minecraft:diamond_shovel":4,"minecraft:carrot":45,"minecraft:poppy":18,"minecraft:oak_fence_gate":1,"herbalbrews:tea_blossom":4,"minecraft:gunpowder":6,"minecraft:chainmail_boots":2,"minecraft:chest":1,"minecraft:arrow":76,"minecraft:netherrack":1183,"minecraft:water_bucket":1,"minecraft:mossy_cobblestone":2,"minecraft:diamond_leggings":5,"minecraft:poisonous_potato":1,"minecraft:copper_ingot":20,"minecraft:stick":54,"aquaculture:diamond_fishing_rod":1,"minecraft:diorite":2,"tombstone:magic_scroll":5,"minecraft:torch":31,"candlelight:lettuce":2,"alexscaves:holocoder":2,"tombstone:grave_dust":21,"minecraft:iron_leggings":1,"tombstone:scroll_of_lightning_resistance":1,"minecraft:iron_axe":1,"minecraft:pink_petals":4,"minecraft:bucket":3,"minecraft:lapis_block":11,"minecraft:dandelion":2,"minecraft:redstone":90,"alexsmobs:maggot":3,"create:shaft":1,"minecraft:coarse_dirt":2,"minecraft:raw_copper":108,"minecraft:tuff":81,"minecraft:raw_iron":5,"minecraft:shield":1,"minecraft:diamond_chestplate":3,"minecraft:oak_boat":1,"tombstone:essence_of_undeath":1,"minecraft:diamond_boots":3,"minecraft:stone_pickaxe":1,"minecraft:raw_gold":5}},"DataVersion":3465}