{"stats":{"minecraft:crafted":{"minecraft:smooth_stone":30,"vinery:dark_oak_wine_rack_big":1,"aquaculture:neptunium_fishing_rod":1,"thermal:machine_furnace":1,"thermal:copper_gear":2,"thermal:machine_frame":1,"minecraft:glass":4,"minecraft:tipped_arrow":115,"minecraft:emerald":242,"aquaculture:worm_farm":4,"minecraft:diamond_axe":1,"minecraft:raw_gold_block":10,"thermal:tin_gear":1,"aquaculture:iron_hook":2,"minecraft:iron_pickaxe":1,"minecraft:iron_block":3,"minecraft:gold_ingot":91,"thermal:tin_ingot":4,"aquaculture:bobber":1,"minecraft:iron_nugget":9,"create:polished_cut_ochrum":5,"minecraft:bone_meal":378,"minecraft:cherry_trapdoor":40,"minecraft:spruce_stairs":24,"minecraft:dark_oak_fence":33,"minecraft:ladder":18,"minecraft:cherry_stairs":24,"minecraft:stone_pickaxe":1,"herbalbrews:tea_kettle":1,"create:cut_ochrum_bricks":4,"minecraft:dark_oak_planks":920,"minecraft:wheat":108,"aquaculture:diamond_fishing_rod":3,"sophisticatedbackpacks:gold_backpack":3,"minecraft:dark_oak_button":1,"croptopia:eggplant_seed":3,"minecraft:golden_apple":10,"minecraft:wooden_axe":1,"bakery:strawberry_seeds":4,"minecraft:oak_planks":394,"minecraft:dark_oak_boat":1,"minecraft:cherry_slab":42,"minecraft:stone":192,"aquaculture:diamond_hook":1,"minecraft:iron_boots":1,"minecraft:chest":83,"minecraft:copper_block":6,"minecraft:stone_hoe":3,"minecraft:cherry_fence":21,"minecraft:golden_sword":1,"sophisticatedbackpacks:backpack":2,"minecraft:arrow":1344,"minecraft:crafting_table":5,"aquaculture:tackle_box":1,"minecraft:spruce_planks":3288,"minecraft:iron_helmet":1,"minecraft:wooden_pickaxe":1,"minecraft:baked_potato":505,"minecraft:gold_block":1,"minecraft:birch_planks":24,"minecraft:paper":3,"minecraft:diamond_pickaxe":2,"create:water_wheel":1,"minecraft:shield":3,"minecraft:stick":7492,"minecraft:iron_ingot":119,"create:small_ochrum_bricks":5,"aquaculture:gold_hook":1,"minecraft:cherry_planks":264,"minecraft:wooden_sword":3,"croptopia:apple_sapling":16,"minecraft:cobbled_deepslate_slab":48,"thermal:apatite_block":19,"croptopia:strawberry_seed":6,"alexscaves:cave_map":2,"minecraft:iron_axe":6,"sophisticatedbackpacks:iron_backpack":3,"create:andesite_alloy":2,"minecraft:bucket":1,"minecraft:stone_axe":2,"minecraft:air":0,"croptopia:tomato_seed":13,"minecraft:raw_gold":18,"create:ochrum_pillar":5,"minecraft:torch":60,"croptopia:lime_sapling":1,"thermal:rf_coil":1,"minecraft:lapis_lazuli":18,"minecraft:clay":113,"minecraft:lapis_block":11},"minecraft:mined":{"minecraft:dark_oak_planks":12,"thermal:cinnabar_ore":1,"create:andesite_casing":1,"minecraft:cherry_log":27,"minecraft:jungle_leaves":4,"alexscaves:azure_neodymium_pillar":14,"thermal:tin_ore":10,"minecraft:obsidian":43,"minecraft:granite":38,"croptopia:lime_crop":1,"vinery:taiga_grape_bush_red":14,"minecraft:stone_brick_wall":32,"minecraft:light_gray_bed":6,"minecraft:crimson_fungus":2,"minecraft:oxeye_daisy":8,"minecraft:nether_wart":10,"minecraft:spawner":1,"minecraft:potted_fern":1,"minecraft:weeping_vines_plant":2,"minecraft:tall_seagrass":1,"minecraft:magma_block":6,"minecraft:cobbled_deepslate":154,"minecraft:barrel":9,"minecraft:fire":16,"minecraft:deepslate_lapis_ore":12,"minecraft:enchanting_table":3,"vinery:taiga_grape_bush_white":19,"minecraft:cave_vines":13,"minecraft:dirt_path":3,"minecraft:oak_stairs":18,"minecraft:tripwire":1,"minecraft:blue_wall_banner":1,"create:cogwheel":1,"minecraft:red_bed":18,"minecraft:crimson_nylium":13,"minecraft:smoker":4,"minecraft:soul_fire":45,"minecraft:torch":9,"minecraft:blast_furnace":1,"vinery:red_grape_bush":6,"create:scoria":5,"minecraft:white_stained_glass_pane":33,"alexscaves:energized_galena_scarlet":16,"alexscaves:sulfur_bud_small":1,"thermal:deepslate_lead_ore":9,"minecraft:sugar_cane":5,"aquaculture:neptunes_bounty":3,"minecraft:bricks":80,"minecraft:cherry_slab":7,"minecraft:birch_sapling":5,"minecraft:white_terracotta":3,"minecraft:chain":4,"minecraft:cherry_fence":6,"minecraft:wheat":14,"minecraft:warped_fungus":2,"create:polished_cut_ochrum":5,"minecraft:stone_brick_stairs":92,"minecraft:grass":380,"thermal:niter_ore":1,"minecraft:oak_fence_gate":19,"minecraft:dark_oak_sapling":12,"minecraft:loom":2,"minecraft:brown_candle":8,"minecraft:stonecutter":2,"minecraft:deepslate":1494,"thermal:deepslate_apatite_ore":7,"create:zinc_ore":43,"minecraft:infested_deepslate":6,"herbalbrews:lavender":10,"minecraft:mossy_cobblestone":22,"alexscaves:radrock":1,"farmersdelight:wild_carrots":12,"minecraft:cherry_sapling":10,"minecraft:dark_oak_log":9,"minecraft:potted_flowering_azalea_bush":4,"herbalbrews:tea_kettle":2,"minecraft:cobbled_deepslate_slab":10,"minecraft:nether_bricks":5,"minecraft:dark_oak_fence":5,"minecraft:spruce_fence":30,"minecraft:crimson_roots":1,"vinery:dark_cherry_sapling":3,"minecraft:moss_block":4,"alexscaves:galena":41,"minecraft:redstone_ore":5,"aquaculture:tackle_box":4,"minecraft:andesite":506,"create:ochrum_pillar":5,"minecraft:potatoes":4,"minecraft:vine":2,"minecraft:cobblestone_slab":113,"minecraft:rail":3,"minecraft:bamboo":1,"minecraft:bone_block":38,"minecraft:potted_allium":1,"minecraft:smithing_table":2,"minecraft:oak_slab":1,"minecraft:cherry_planks":34,"minecraft:soul_sand":24,"herbalbrews:wild_yerba_mate_plant":6,"alexscaves:azure_neodymium_node":1,"minecraft:stone_brick_slab":17,"croptopia:apple_sapling":8,"minecraft:dandelion":3,"minecraft:cornflower":1,"minecraft:emerald_ore":5,"minecraft:sponge":1,"create:water_wheel":1,"candlelight:wild_tomatoes":20,"minecraft:campfire":1,"minecraft:copper_ore":40,"minecraft:tall_grass":107,"minecraft:deepslate_gold_ore":20,"minecraft:diorite":5,"minecraft:purple_bed":31,"minecraft:coarse_dirt":82,"minecraft:spruce_log":13,"minecraft:birch_leaves":24,"thermal:silver_ore":6,"minecraft:gravel":515,"minecraft:dripstone_block":30,"minecraft:cobweb":14,"minecraft:spruce_fence_gate":2,"minecraft:stone_bricks":111,"minecraft:gold_ore":17,"thermal:deepslate_sulfur_ore":24,"minecraft:infested_stone":1,"minecraft:fern":30,"thermal:deepslate_tin_ore":2,"create:deepslate_zinc_ore":28,"minecraft:spruce_planks":109,"minecraft:oak_sapling":21,"vinery:apple_tree_sapling":2,"croptopia:strawberry_crop":3,"thermal:sulfur_ore":5,"minecraft:cobblestone_stairs":30,"minecraft:brewing_stand":2,"minecraft:cherry_trapdoor":10,"minecraft:spruce_trapdoor":129,"minecraft:cave_vines_plant":4,"minecraft:grass_block":3864,"minecraft:soul_soil":3,"minecraft:composter":6,"vinery:apple_log":1,"croptopia:cherry_crop":7,"minecraft:mossy_cobblestone_slab":1,"farmersdelight:wild_rice":1,"minecraft:iron_ore":68,"minecraft:brown_bed":2,"create:asurine":259,"minecraft:red_tulip":1,"minecraft:flowering_azalea_leaves":2,"minecraft:black_candle":1,"minecraft:azalea_leaves":2,"alexscaves:sulfur_bud_large":2,"minecraft:granite_stairs":9,"minecraft:spruce_slab":118,"minecraft:deepslate_redstone_ore":10,"minecraft:cyan_terracotta":118,"minecraft:blackstone":1,"thermal:lead_ore":9,"minecraft:clay":505,"alexscaves:energized_galena_neutral":2,"minecraft:poppy":1,"minecraft:chest":18,"create:small_ochrum_bricks":5,"minecraft:nether_quartz_ore":3,"minecraft:cobblestone":185,"minecraft:grindstone":2,"minecraft:oak_planks":117,"minecraft:wall_torch":22,"minecraft:cauldron":1,"create:large_water_wheel":1,"minecraft:pink_petals":3,"minecraft:seagrass":1,"minecraft:stone_stairs":2,"minecraft:dark_oak_slab":4,"minecraft:mossy_stone_brick_wall":1,"minecraft:nether_wart_block":1,"minecraft:birch_log":1,"minecraft:oak_log":162,"croptopia:salt_ore":5,"minecraft:sand":4,"minecraft:dirt":1359,"thermal:nickel_ore":7,"minecraft:netherrack":773,"minecraft:oak_leaves":158,"alexscaves:spelunkery_table":2,"minecraft:tuff":30,"minecraft:candle":3,"minecraft:dark_oak_leaves":37,"minecraft:deepslate_diamond_ore":19,"minecraft:oak_door":1,"alexscaves:sulfur_cluster":6,"create:large_cogwheel":1,"minecraft:brick_stairs":14,"create:ochrum":598,"minecraft:soul_campfire":1,"minecraft:polished_andesite_slab":24,"minecraft:spruce_leaves":22,"aquaculture:worm_farm":1,"minecraft:mangrove_propagule":3,"minecraft:large_fern":30,"candlelight:rose":8,"minecraft:hay_block":12,"alexscaves:radrock_uranium_ore":27,"minecraft:spore_blossom":2,"create:cut_ochrum_bricks":5,"minecraft:oak_trapdoor":3,"minecraft:spruce_sapling":14,"minecraft:carrots":19,"candlelight:wild_lettuce":14,"alexscaves:energized_galena_azure":1,"minecraft:stripped_spruce_log":71,"minecraft:gold_block":9,"minecraft:bookshelf":32,"minecraft:deepslate_iron_ore":27,"minecraft:lantern":24,"minecraft:stripped_oak_log":65,"minecraft:stone":1292,"minecraft:cherry_stairs":14,"sophisticatedbackpacks:backpack":1,"minecraft:podzol":23,"minecraft:scaffolding":32,"minecraft:infested_stone_bricks":1,"minecraft:stripped_dark_oak_log":2,"minecraft:basalt":63,"minecraft:oak_fence":46,"thermal:apatite_ore":14,"minecraft:crafting_table":7,"bakery:wild_strawberries":15,"minecraft:rose_bush":5,"minecraft:lectern":481,"minecraft:andesite_wall":1,"minecraft:stone_slab":83,"minecraft:deepslate_coal_ore":31,"minecraft:lapis_ore":8,"minecraft:blue_bed":1,"minecraft:spruce_stairs":292,"minecraft:gray_wool":4,"minecraft:ice":1,"thermal:deepslate_silver_ore":5,"minecraft:mangrove_planks":1,"minecraft:yellow_bed":2,"croptopia:tomato_crop":6,"minecraft:coal_ore":278,"minecraft:cherry_leaves":7,"minecraft:cyan_carpet":21,"minecraft:cracked_stone_bricks":41,"thermal:deepslate_niter_ore":3,"minecraft:mossy_stone_bricks":3},"minecraft:broken":{"aquaculture:neptunium_chestplate":1,"minecraft:diamond_helmet":1,"minecraft:iron_boots":1,"minecraft:iron_chestplate":1,"minecraft:iron_leggings":1,"minecraft:diamond_shovel":2,"minecraft:diamond_pickaxe":1,"minecraft:fishing_rod":1,"minecraft:stone_hoe":1,"minecraft:wooden_pickaxe":1,"minecraft:shield":2,"aquaculture:neptunium_boots":1,"minecraft:iron_pickaxe":3,"minecraft:iron_helmet":3,"minecraft:iron_shovel":3,"minecraft:stone_pickaxe":1,"minecraft:stone_axe":2,"minecraft:wooden_axe":1,"minecraft:diamond_axe":1},"minecraft:picked_up":{"minecraft:wooden_axe":1,"minecraft:seagrass":8,"minecraft:chainmail_boots":1,"minecraft:flower_pot":6,"aquaculture:catfish":2,"minecraft:lead":2,"minecraft:smithing_table":2,"minecraft:stone_slab":87,"vinery:red_grape_seeds":16,"minecraft:oak_stairs":19,"minecraft:brown_bed":2,"minecraft:enchanted_book":4,"croptopia:calamari":1,"minecraft:brewing_stand":2,"minecraft:string":71,"minecraft:soul_soil":7,"minecraft:pufferfish":14,"create:water_wheel":1,"minecraft:diamond_leggings":7,"minecraft:gold_nugget":5,"minecraft:cobbled_deepslate":2181,"minecraft:spruce_planks":116,"minecraft:composter":6,"create:andesite_casing":1,"minecraft:cherry_log":141,"minecraft:golden_chestplate":4,"alexsmobs:centipede_leg":1,"minecraft:cauldron":1,"thermal:apatite":144,"minecraft:stone_sword":1,"minecraft:light_gray_bed":6,"aquaculture:algae":8,"minecraft:tropical_fish":3,"create:scoria":5,"create:ochrum":598,"minecraft:red_tulip":9,"minecraft:iron_block":8,"minecraft:cyan_terracotta":115,"aquaculture:neptunium_boots":2,"alexscaves:notor_gizmo":10,"minecraft:white_terracotta":3,"minecraft:blaze_rod":2,"vinery:dark_cherry_log":23,"aquaculture:tin_can":3,"minecraft:sponge":1,"minecraft:birch_log":16,"minecraft:magma_block":6,"croptopia:apple_sapling":8,"minecraft:feather":3,"minecraft:iron_door":1,"minecraft:water_bucket":2,"minecraft:dark_oak_boat":6,"minecraft:smoker":4,"minecraft:flint":85,"minecraft:cherry_fence":6,"vinery:red_grapejuice":1,"minecraft:lantern":35,"minecraft:brown_candle":31,"alexscaves:galena":55,"minecraft:stonecutter":2,"create:shaft":1,"minecraft:diamond_helmet":6,"minecraft:moss_block":4,"croptopia:lime":4,"aquaculture:gar":9,"croptopia:plum":12,"aquaculture:worm":37,"croptopia:tuna":23,"minecraft:stripped_spruce_log":72,"minecraft:ink_sac":3,"minecraft:loom":2,"minecraft:dark_oak_log":256,"minecraft:barrel":9,"minecraft:bundle":5,"croptopia:cherry":8,"minecraft:granite":38,"minecraft:golden_horse_armor":1,"minecraft:chainmail_helmet":1,"aquaculture:box":1,"minecraft:blue_banner":1,"alexsmobs:maggot":4,"minecraft:cherry_slab":8,"minecraft:dark_oak_fence":5,"minecraft:bricks":80,"minecraft:crimson_roots":2,"minecraft:diamond_pickaxe":9,"alexscaves:raw_scarlet_neodymium":1,"sophisticatedbackpacks:gold_backpack":6,"minecraft:crafting_table":8,"minecraft:coarse_dirt":84,"minecraft:nether_wart":11,"minecraft:clay_ball":2045,"vinery:taiga_grapes_white":8,"minecraft:leather_leggings":2,"create:ochrum_pillar":5,"minecraft:cornflower":22,"candlelight:lettuce_seeds":151,"minecraft:red_bed":15,"thermal:raw_nickel":19,"minecraft:iron_shovel":1,"minecraft:cracked_stone_bricks":41,"minecraft:beef":22,"aquaculture:diamond_fishing_rod":4,"thermal:niter":16,"vinery:cherry":3,"minecraft:poppy":14,"minecraft:iron_nugget":40,"minecraft:spruce_slab":132,"minecraft:minecart":1,"aquaculture:neptunium_chestplate":4,"minecraft:chest":18,"minecraft:birch_sapling":13,"minecraft:egg":4,"minecraft:sandstone":1,"minecraft:oak_door":1,"herbalbrews:tea_kettle":2,"sophisticatedbackpacks:backpack":1,"minecraft:spruce_fence":31,"minecraft:carrot":408,"minecraft:redstone":160,"minecraft:diamond_chestplate":3,"croptopia:strawberry_seed":127,"aquaculture:brown_trout":9,"minecraft:diamond_boots":3,"minecraft:hay_block":12,"aquaculture:carp":7,"minecraft:totem_of_undying":2,"minecraft:gold_ingot":9,"create:small_ochrum_bricks":5,"sophisticatedbackpacks:copper_backpack":2,"minecraft:glow_berries":25,"minecraft:mutton":1,"minecraft:bone_block":40,"minecraft:rail":6,"minecraft:oxeye_daisy":58,"minecraft:stripped_oak_log":65,"aquaculture:tackle_box":4,"minecraft:tripwire_hook":2,"alexscaves:sulfur_dust":27,"croptopia:crab":21,"minecraft:fern":1,"croptopia:glowing_calamari":9,"minecraft:oak_log":246,"minecraft:golden_boots":1,"farmersdelight:skillet":1,"aquaculture:rainbow_trout":6,"minecraft:blue_bed":1,"minecraft:paper":44,"tombstone:gift":1,"vinery:wine_bottle":1,"minecraft:apple":98,"minecraft:stone_bricks":112,"herbalbrews:lavender":159,"minecraft:spore_blossom":2,"minecraft:oak_fence_gate":19,"minecraft:stone_pickaxe":1,"minecraft:cobweb":4,"herbalbrews:green_tea_leaf":80,"candlelight:tomato":19,"tombstone:bag_of_seeds":3,"croptopia:tomato":88,"minecraft:glass_bottle":4,"minecraft:mangrove_planks":1,"create:cut_ochrum_bricks":5,"tombstone:scroll_of_frost_resistance":1,"minecraft:iron_sword":1,"minecraft:flowering_azalea":4,"aquaculture:smallmouth_bass":15,"minecraft:smooth_basalt":2,"minecraft:dark_oak_slab":6,"vinery:taiga_grape_seeds_red":26,"minecraft:gravel":1066,"croptopia:oyster":22,"minecraft:spruce_sapling":89,"minecraft:spruce_log":193,"aquaculture:message_in_a_bottle":2,"minecraft:leather_helmet":2,"minecraft:diamond_shovel":6,"minecraft:purple_bed":32,"minecraft:stone_axe":1,"tombstone:scroll_of_knowledge":1,"minecraft:rib_armor_trim_smithing_template":1,"croptopia:orange":17,"minecraft:diamond_axe":8,"minecraft:painting":2,"minecraft:gray_wool":4,"alexscaves:cave_map":2,"minecraft:baked_potato":93,"minecraft:stripped_dark_oak_log":1,"minecraft:mangrove_propagule":2,"minecraft:ender_pearl":2,"croptopia:shrimp":27,"minecraft:wheat":548,"croptopia:clam":16,"alexscaves:cave_tablet":1,"bakery:strawberry_seeds":319,"minecraft:stone_brick_stairs":92,"minecraft:lapis_block":11,"alexsmobs:gazelle_horn":1,"thermal:basalz_rod":4,"aquaculture:muskellunge":1,"minecraft:raw_copper":302,"minecraft:iron_leggings":1,"minecraft:armor_stand":1,"thermal:sulfur":117,"alexsmobs:blood_sac":12,"alexsmobs:banana":1,"minecraft:bucket":2,"minecraft:rose_bush":5,"minecraft:redstone_torch":3,"minecraft:cobblestone_slab":380,"minecraft:iron_pickaxe":3,"minecraft:iron_boots":1,"tombstone:scroll_of_lightning_resistance":1,"minecraft:stick":404,"minecraft:oak_fence":46,"thermal:raw_lead":18,"minecraft:torch":144,"alexscaves:raw_azure_neodymium":17,"minecraft:spruce_stairs":292,"alexscaves:resistor_shield":2,"minecraft:porkchop":5,"tombstone:grave_dust":35,"minecraft:diorite":5,"create:large_cogwheel":2,"minecraft:andesite_wall":1,"minecraft:rotten_flesh":133,"create:asurine":259,"aquaculture:worm_farm":1,"minecraft:obsidian":43,"minecraft:cod":78,"vinery:apple_log":13,"minecraft:cobblestone":2483,"aquaculture:lockbox":2,"minecraft:nautilus_shell":4,"minecraft:enchanting_table":3,"candlelight:lettuce":79,"minecraft:pink_petals":10,"alexscaves:holocoder":1,"minecraft:magma_cream":1,"minecraft:cherry_planks":33,"minecraft:andesite":500,"minecraft:golden_leggings":1,"minecraft:potato":1246,"herbalbrews:tea_blossom":140,"minecraft:tuff":91,"create:raw_zinc":123,"aquamirae:abyssal_amethyst":1,"minecraft:lapis_lazuli":124,"minecraft:dirt":8395,"minecraft:name_tag":3,"minecraft:bone":59,"minecraft:bow":9,"minecraft:wheat_seeds":1601,"minecraft:raw_gold":41,"minecraft:cobbled_deepslate_slab":11,"minecraft:grindstone":2,"herbalbrews:wild_yerba_mate_plant":2,"minecraft:mossy_stone_bricks":2,"minecraft:bamboo":14,"minecraft:oak_planks":116,"thermal:raw_tin":12,"vinery:taiga_grape_seeds_white":28,"minecraft:music_disc_13":1,"create:cogwheel":2,"minecraft:poisonous_potato":8,"alexscaves:uranium":27,"vinery:dark_cherry_sapling":9,"minecraft:sand":5,"aquaculture:neptunium_nugget":1,"minecraft:mossy_cobblestone":30,"minecraft:spruce_fence_gate":2,"minecraft:diamond":39,"minecraft:bone_meal":37,"minecraft:emerald":7,"alexsmobs:banana_slug_slime":6,"minecraft:oak_sapling":64,"minecraft:netherrack":1027,"minecraft:fishing_rod":4,"minecraft:charcoal":2,"minecraft:allium":1,"minecraft:azure_bluet":4,"minecraft:chicken":1,"create:polished_cut_ochrum":5,"croptopia:peach":9,"thermal:raw_silver":10,"thermal:cinnabar":1,"minecraft:stone_brick_wall":32,"alexscaves:galena_gauntlet":2,"minecraft:gold_block":29,"minecraft:chain":4,"minecraft:oak_trapdoor":3,"minecraft:stone_stairs":2,"minecraft:iron_axe":5,"minecraft:cyan_carpet":21,"croptopia:pear":14,"aquaculture:bluegill":22,"minecraft:candle":8,"vinery:apple_tree_sapling":8,"croptopia:tomato_seed":141,"candlelight:tomato_seeds":4,"minecraft:oak_boat":1,"minecraft:lectern":484,"minecraft:sugar_cane":12,"minecraft:spruce_trapdoor":131,"minecraft:cherry_trapdoor":10,"minecraft:dark_oak_sapling":167,"minecraft:raw_iron":104,"minecraft:cherry_stairs":14,"minecraft:bowl":12,"aquaculture:driftwood":5,"aquaculture:perch":29,"croptopia:strawberry":80,"minecraft:dark_oak_planks":30,"minecraft:arrow":125,"minecraft:weeping_vines":2,"minecraft:pumpkin_pie":1,"minecraft:nether_bricks":5,"croptopia:sea_lettuce":19,"alexscaves:spelunkery_table":2,"minecraft:saddle":5,"croptopia:salt":18,"minecraft:brick_stairs":14,"minecraft:basalt":63,"herbalbrews:yerba_mate_leaf":219,"minecraft:glow_ink_sac":24,"minecraft:salmon":64,"minecraft:leather":11,"minecraft:granite_stairs":9,"minecraft:crimson_fungus":1,"create:andesite_alloy":6,"aquaculture:neptunes_bounty":6,"minecraft:chainmail_chestplate":1,"minecraft:yellow_bed":3,"minecraft:nether_wart_block":1,"minecraft:gunpowder":31,"minecraft:cobblestone_stairs":30,"alexscaves:ferrouslime_ball":3,"croptopia:mortar_and_pestle":1,"candlelight:rose":8,"minecraft:iron_ingot":20,"alexscaves:radrock":1,"croptopia:anchovy":25,"aquaculture:pollock":1,"aquaculture:minnow":26,"minecraft:mossy_stone_brick_wall":1,"minecraft:polished_andesite_slab":32,"minecraft:soul_sand":26,"minecraft:book":96,"minecraft:scaffolding":89,"minecraft:oak_slab":1,"bakery:strawberry":310,"minecraft:warped_fungus":2,"minecraft:black_candle":4,"minecraft:stone_brick_slab":17,"minecraft:quartz":3,"minecraft:dandelion":36,"minecraft:dripstone_block":125,"minecraft:blast_furnace":1,"minecraft:spruce_door":2,"minecraft:spider_eye":10,"minecraft:iron_helmet":3,"minecraft:cherry_sapling":85,"alexscaves:azure_neodymium_pillar":10,"tombstone:magic_scroll":10,"minecraft:coal":547},"minecraft:custom":{"minecraft:interact_with_crafting_table":98,"minecraft:open_barrel":190,"minecraft:leave_game":64,"minecraft:time_since_death":24553,"minecraft:damage_blocked_by_shield":3713,"minecraft:play_time":3947963,"minecraft:deaths":96,"tombstone:tomb_raiding":2,"minecraft:jump":34574,"minecraft:enchant_item":3,"minecraft:interact_with_furnace":56,"minecraft:traded_with_villager":350,"minecraft:sleep_in_bed":208,"tombstone:sneak_grave":1,"minecraft:damage_dealt":29501,"tombstone:undead_killed":139,"minecraft:interact_with_smithing_table":1,"minecraft:interact_with_smoker":28,"minecraft:horse_one_cm":142291,"minecraft:interact_with_anvil":7,"minecraft:inspect_hopper":4,"minecraft:sneak_time":154956,"minecraft:interact_with_blast_furnace":16,"minecraft:total_world_time":3947963,"tombstone:raider_killed":17,"minecraft:interact_with_stonecutter":2,"minecraft:time_since_rest":10165,"minecraft:swim_one_cm":295178,"minecraft:fly_one_cm":6768077,"minecraft:open_chest":1609,"minecraft:fish_caught":385,"minecraft:fall_one_cm":705169,"minecraft:animals_bred":22,"minecraft:sprint_one_cm":6185227,"minecraft:drop":974,"minecraft:talked_to_villager":668,"minecraft:walk_on_water_one_cm":412052,"minecraft:interact_with_loom":20,"minecraft:player_kills":9,"minecraft:crouch_one_cm":365743,"tombstone:villager_killed":1,"minecraft:mob_kills":354,"minecraft:damage_dealt_resisted":88,"minecraft:climb_one_cm":186615,"minecraft:walk_one_cm":8930132,"minecraft:raid_win":1,"minecraft:walk_under_water_one_cm":333732,"minecraft:boat_one_cm":538951,"minecraft:pot_flower":4,"minecraft:damage_taken":38959},"minecraft:killed":{"minecraft:cave_spider":2,"minecraft:skeleton":25,"alexsmobs:laviathan":1,"minecraft:skeleton_horse":1,"alexscaves:teletor":3,"minecraft:cat":3,"minecraft:magma_cube":3,"minecraft:iron_golem":3,"minecraft:pillager":11,"minecraft:zombie":100,"minecraft:cow":11,"minecraft:evoker":2,"thermal:basalz":4,"minecraft:vindicator":3,"alexscaves:ferrouslime":4,"alexsmobs:crocodile":1,"minecraft:enderman":1,"minecraft:witch":1,"minecraft:zombified_piglin":8,"minecraft:spider":35,"alexsmobs:banana_slug":1,"minecraft:silverfish":20,"alexscaves:notor":12,"minecraft:piglin":1,"minecraft:pig":3,"alexsmobs:grizzly_bear":2,"minecraft:zombie_villager":2,"minecraft:creeper":47,"alexsmobs:crimson_mosquito":9,"minecraft:ghast":2,"minecraft:blaze":5,"minecraft:vex":1,"alexsmobs:blue_jay":2,"minecraft:llama":2,"minecraft:drowned":1,"minecraft:hoglin":1,"alexscaves:magnetron":1,"alexsmobs:gazelle":3,"minecraft:wither_skeleton":2,"minecraft:villager":1},"minecraft:used":{"farmersdelight:cabbage_seeds":2,"minecraft:ladder":11,"minecraft:poppy":2,"vinery:dark_oak_wine_rack_big":1,"minecraft:chest":98,"minecraft:stone":113,"create:small_ochrum_bricks":5,"minecraft:stripped_spruce_log":28,"minecraft:birch_sapling":2,"minecraft:dark_oak_slab":2,"minecraft:dark_oak_button":1,"minecraft:blue_banner":1,"minecraft:stone_brick_stairs":7,"minecraft:bow":728,"minecraft:dark_oak_boat":6,"minecraft:oak_sapling":4,"candlelight:tomato":6,"minecraft:egg":1,"minecraft:potato":134,"minecraft:mossy_stone_bricks":1,"minecraft:leather_leggings":1,"croptopia:tomato":13,"minecraft:wooden_pickaxe":59,"minecraft:composter":2,"minecraft:clay":16,"minecraft:glow_berries":34,"minecraft:sand":1,"candlelight:lettuce":6,"minecraft:lectern":480,"minecraft:nether_wart_block":1,"minecraft:wooden_sword":15,"minecraft:dark_oak_fence":37,"minecraft:birch_log":1,"vinery:apple_log":1,"minecraft:oak_boat":1,"minecraft:enchanting_table":2,"minecraft:armor_stand":1,"herbalbrews:yerba_mate_leaf":14,"minecraft:netherrack":261,"minecraft:torch":132,"create:ochrum":3,"minecraft:wheat":29,"vinery:taiga_grapes_white":2,"minecraft:stone_stairs":2,"croptopia:strawberry_seed":32,"minecraft:oak_fence_gate":2,"minecraft:cherry_slab":25,"minecraft:iron_axe":290,"aquaculture:neptunium_fishing_rod":289,"minecraft:smooth_basalt":1,"minecraft:bamboo":14,"minecraft:diamond_chestplate":4,"minecraft:basalt":44,"tombstone:gift":13,"minecraft:cherry_fence":26,"minecraft:cherry_log":62,"minecraft:cobbled_deepslate":1516,"sophisticatedbackpacks:gold_backpack":1,"minecraft:wheat_seeds":379,"minecraft:water_bucket":31,"minecraft:cherry_planks":79,"minecraft:leather_boots":1,"minecraft:cracked_stone_bricks":10,"minecraft:mossy_cobblestone":1,"minecraft:rail":3,"croptopia:apple_sapling":24,"thermal:machine_furnace":1,"minecraft:crafting_table":8,"minecraft:red_bed":14,"create:cut_ochrum_bricks":5,"minecraft:spruce_log":153,"minecraft:oak_log":75,"minecraft:diamond_pickaxe":6011,"minecraft:diamond_shovel":5308,"minecraft:iron_pickaxe":1061,"minecraft:leather_helmet":1,"create:water_wheel":2,"minecraft:spruce_trapdoor":4,"minecraft:spruce_sapling":4,"herbalbrews:tea_blossom":30,"herbalbrews:lavender":78,"minecraft:purple_bed":32,"minecraft:cobblestone":1652,"vinery:cherry":3,"minecraft:black_candle":4,"minecraft:diamond_leggings":5,"minecraft:cherry_sapling":22,"minecraft:iron_shovel":767,"minecraft:shield":120,"minecraft:white_terracotta":2,"minecraft:iron_sword":11,"alexscaves:galena":58,"minecraft:iron_chestplate":1,"create:cogwheel":2,"minecraft:nether_bricks":1,"minecraft:carrot":179,"create:ochrum_pillar":5,"minecraft:tuff":7,"minecraft:obsidian":45,"minecraft:milk_bucket":10,"minecraft:cyan_terracotta":26,"minecraft:lantern":28,"minecraft:iron_helmet":2,"vinery:dark_cherry_log":1,"aquaculture:diamond_fishing_rod":329,"minecraft:stone_bricks":68,"minecraft:golden_sword":6,"minecraft:warped_fungus":1,"minecraft:scaffolding":69,"aquaculture:neptunium_chestplate":2,"minecraft:dark_oak_sapling":7,"minecraft:dark_oak_stairs":1,"minecraft:diamond_boots":4,"minecraft:stone_pickaxe":209,"minecraft:mangrove_planks":1,"minecraft:oak_planks":1,"minecraft:sugar_cane":6,"minecraft:diamond_axe":2308,"minecraft:blue_bed":1,"alexscaves:cave_book":3,"minecraft:stone_brick_wall":6,"sophisticatedbackpacks:backpack":1,"minecraft:dark_oak_log":3,"minecraft:bread":86,"aquaculture:worm_farm":5,"tombstone:grave_key":26,"minecraft:iron_door":1,"create:andesite_casing":2,"minecraft:gravel":117,"minecraft:andesite":8,"minecraft:coarse_dirt":4,"minecraft:bone_meal":366,"minecraft:cobweb":6,"create:large_cogwheel":1,"minecraft:experience_bottle":1,"minecraft:oak_fence":5,"minecraft:rose_bush":1,"minecraft:flint_and_steel":3,"minecraft:spruce_planks":32,"minecraft:stone_hoe":260,"minecraft:dirt":8869,"aquaculture:neptunes_bounty":3,"minecraft:spruce_stairs":19,"minecraft:diamond_helmet":5,"candlelight:lettuce_seeds":14,"aquaculture:neptunium_boots":1,"herbalbrews:tea_kettle":3,"minecraft:andesite_wall":1,"minecraft:wooden_axe":74,"minecraft:red_tulip":1,"minecraft:oak_stairs":1,"minecraft:cherry_trapdoor":50,"minecraft:iron_boots":2,"alexscaves:spelunkery_table":2,"bakery:strawberry_seeds":63,"minecraft:minecart":1,"alexsmobs:banana":1,"minecraft:cooked_beef":3,"croptopia:strawberry":13,"minecraft:mossy_stone_brick_wall":1,"croptopia:eggplant_seed":3,"minecraft:brown_bed":2,"aquaculture:tackle_box":4,"tombstone:scroll_of_knowledge":1,"create:polished_cut_ochrum":5,"farmersdelight:skillet":12,"minecraft:baked_potato":257,"minecraft:stonecutter":1,"minecraft:stripped_dark_oak_log":1,"bakery:strawberry":74,"minecraft:painting":1,"tombstone:bag_of_seeds":2,"minecraft:flower_pot":2,"minecraft:apple":91,"minecraft:stone_slab":71,"croptopia:tomato_seed":60,"minecraft:stone_axe":145,"minecraft:pink_petals":6,"minecraft:fishing_rod":37,"minecraft:cherry_stairs":28,"minecraft:cobbled_deepslate_slab":46,"minecraft:bucket":31,"alexsmobs:animal_dictionary":4,"minecraft:pumpkin_pie":1,"minecraft:yellow_bed":3,"minecraft:gray_wool":4,"vinery:taiga_grape_seeds_white":1},"minecraft:killed_by":{"minecraft:ravager":1,"minecraft:vindicator":4,"minecraft:zombie":5,"alexscaves:teletor":13,"alexsmobs:grizzly_bear":3,"minecraft:vex":11,"alexscaves:ferrouslime":7,"alexsmobs:bison":1,"alexsmobs:centipede_head":2,"minecraft:ghast":2,"minecraft:creeper":2,"minecraft:drowned":1,"alexsmobs:crocodile":1,"minecraft:blaze":1,"minecraft:witch":1,"alexsmobs:bone_serpent":2,"minecraft:player":16,"minecraft:iron_golem":2,"thermal:basalz":1,"minecraft:skeleton":10,"alexsmobs:crimson_mosquito":1},"minecraft:dropped":{"minecraft:porkchop":2,"minecraft:glow_ink_sac":11,"minecraft:diamond":4,"minecraft:dark_oak_slab":2,"minecraft:weeping_vines":2,"minecraft:glow_berries":1,"minecraft:rail":4,"minecraft:leather_helmet":2,"minecraft:emerald":11,"minecraft:dirt":149,"minecraft:raw_copper_block":3,"vinery:taiga_grapes_white":4,"candlelight:tomato_seeds":3,"minecraft:gold_nugget":18,"minecraft:bone_meal":44,"minecraft:bone_block":7,"minecraft:iron_pickaxe":5,"minecraft:dark_oak_planks":22,"minecraft:fishing_rod":1,"minecraft:bone":7,"alexsmobs:gazelle_horn":1,"minecraft:cobbled_deepslate":2,"minecraft:birch_sapling":3,"minecraft:wheat":6,"minecraft:rotten_flesh":54,"minecraft:grindstone":2,"minecraft:oak_planks":1,"minecraft:salmon":5,"alexsmobs:blood_sac":5,"create:scoria":5,"candlelight:rose":1,"minecraft:leather_leggings":2,"minecraft:painting":1,"minecraft:spruce_slab":1,"minecraft:beef":2,"minecraft:lectern":3,"minecraft:enchanted_book":1,"minecraft:golden_boots":1,"minecraft:iron_ingot":10,"minecraft:wheat_seeds":469,"farmersdelight:skillet":1,"minecraft:dripstone_block":5,"minecraft:iron_helmet":1,"minecraft:feather":1,"minecraft:cobblestone":226,"minecraft:book":3,"minecraft:apple":8,"minecraft:spruce_door":2,"minecraft:chainmail_helmet":1,"minecraft:coal":43,"minecraft:golden_apple":10,"minecraft:oxeye_daisy":1,"minecraft:ink_sac":3,"minecraft:diamond_helmet":2,"minecraft:rib_armor_trim_smithing_template":1,"minecraft:smooth_stone":30,"minecraft:iron_shovel":2,"minecraft:paper":35,"minecraft:string":11,"minecraft:spruce_sapling":5,"croptopia:sea_lettuce":1,"minecraft:moss_carpet":2,"minecraft:bowl":1,"minecraft:chicken":1,"minecraft:clay_ball":6,"minecraft:iron_boots":1,"minecraft:nether_bricks":4,"minecraft:spruce_fence":1,"minecraft:blast_furnace":1,"minecraft:potato":5,"minecraft:cobblestone_slab":416,"minecraft:spruce_trapdoor":3,"minecraft:spruce_planks":47,"minecraft:diamond_pickaxe":5,"aquaculture:neptunium_chestplate":1,"minecraft:spider_eye":1,"minecraft:barrel":8,"minecraft:stone_bricks":2,"minecraft:sandstone":1,"sophisticatedbackpacks:copper_backpack":1,"minecraft:bow":2,"croptopia:anchovy":1,"alexsmobs:banana_slug_slime":1,"alexscaves:notor_gizmo":4,"minecraft:oak_log":2,"minecraft:baked_potato":254,"minecraft:loom":2,"minecraft:leather":2,"aquaculture:minnow":1,"minecraft:cod":13,"minecraft:flint":2,"alexscaves:galena_gauntlet":1,"minecraft:dark_oak_log":16,"minecraft:mutton":1,"minecraft:crimson_roots":1,"alexscaves:cave_map":1,"croptopia:calamari":1,"vinery:red_grape_seeds":3,"minecraft:gold_ingot":13,"minecraft:gravel":340,"alexscaves:radrock":1,"minecraft:cherry_sapling":8,"minecraft:fern":1,"minecraft:diamond_shovel":1,"minecraft:poppy":5,"minecraft:leather_chestplate":1,"herbalbrews:tea_blossom":1,"minecraft:gunpowder":4,"thermal:cinnabar":1,"minecraft:arrow":6,"minecraft:powered_rail":3,"minecraft:scaffolding":4,"minecraft:netherrack":641,"minecraft:oak_slab":1,"minecraft:water_bucket":1,"minecraft:bread":15,"minecraft:stripped_spruce_log":1,"minecraft:cherry_log":7,"minecraft:mossy_cobblestone":1,"minecraft:smithing_table":2,"minecraft:diamond_leggings":2,"aquaculture:pollock":1,"minecraft:poisonous_potato":8,"minecraft:activator_rail":2,"minecraft:spruce_stairs":1,"minecraft:stick":68,"aquaculture:diamond_fishing_rod":4,"minecraft:milk_bucket":1,"minecraft:diorite":5,"minecraft:brewing_stand":1,"bakery:strawberry_seeds":3,"minecraft:torch":36,"candlelight:lettuce":12,"alexscaves:holocoder":1,"tombstone:grave_dust":1,"minecraft:stonecutter":1,"minecraft:iron_axe":3,"minecraft:pink_petals":1,"thermal:sulfur":1,"minecraft:dandelion":4,"croptopia:glowing_calamari":4,"minecraft:redstone":60,"minecraft:nether_wart":11,"minecraft:coarse_dirt":5,"minecraft:raw_copper":13,"minecraft:raw_iron":21,"minecraft:composter":4,"minecraft:smoker":2,"minecraft:stripped_oak_log":1,"minecraft:diamond_chestplate":2,"vinery:dark_cherry_log":5,"alexscaves:resistor_shield":2,"minecraft:iron_chestplate":1,"minecraft:andesite":5,"minecraft:mossy_stone_bricks":1,"minecraft:light_gray_bed":6,"minecraft:oak_sapling":1,"minecraft:diamond_boots":2,"minecraft:spruce_log":1,"herbalbrews:green_tea_leaf":66,"minecraft:stone_pickaxe":1}},"DataVersion":3465}